Approach,Total PnL,Max Drawdown,Sharpe Ratio
Correlation,-5706.350150359833,-0.0780080399007167,-0.7382462342942019
Causal,4275.698447457964,-0.05744534896470103,0.5166322753521039
